Aguafina Script,,/Skip/Spacing,100
Alien Block,,/Skip/Spacing,100
Allison,,/Skip/Spacing,100
Allkin,,/Skip/Spacing,100
Anonymous Pro,,/Skip/Spacing,100
Arizonia,,/Skip/Spacing,100
Atkinson Hyperlegible Mono,,/Skip/Spacing,100
Azeret Mono,,/Skip/Spacing,100
B612 Mono,,/Skip/Spacing,100
BIZ UDGothic,,/Skip/Spacing,100
BIZ UDMincho,,/Skip/Spacing,100
Babylonica,,/Skip/Spacing,100
Ballet,,/Skip/Spacing,100
Bangers,,/Skip/Spacing,100
Beau Rivage,,/Skip/Spacing,100
Bilbo Swash Caps,,/Skip/Spacing,100
Bitcount Grid Double Ink,,/Skip/Spacing,100
Bitcount Grid Double,,/Skip/Spacing,100
Bitcount Grid Single Ink,,/Skip/Spacing,100
Bitcount Grid Single,,/Skip/Spacing,100
Bitcount Ink,,/Skip/Spacing,100
Bitcount Single Ink,,/Skip/Spacing,100
Bitcount Single,,/Skip/Spacing,100
Bitcount,,/Skip/Spacing,100
Bonheur Royale,,/Skip/Spacing,100
Bytesized,,/Skip/Spacing,100
Calligraffitti,,/Skip/Spacing,100
Carattere,,/Skip/Spacing,100
Cascadia Code,,/Skip/Spacing,100
Cascadia Mono,,/Skip/Spacing,100
Chenla,,/Skip/Spacing,100
Cherish,,/Skip/Spacing,100
Chicle,,/Skip/Spacing,100
Chivo Mono,,/Skip/Spacing,100
Condiment,,/Skip/Spacing,100
Content,,/Skip/Spacing,100
Coral Pixels,,/Skip/Spacing,100
Courier Prime,,/Skip/Spacing,100
Cousine,,/Skip/Spacing,100
Cutive Mono,,/Skip/Spacing,100
DM Mono,,/Skip/Spacing,100
Datatype,,/Skip/Spacing,100
DotGothic16,,/Skip/Spacing,100
Doto,,/Skip/Spacing,100
Edu AU VIC WA NT Guides,,/Skip/Spacing,100
Ephesis,,/Skip/Spacing,100
Explora,,/Skip/Spacing,100
Faster One,,/Skip/Spacing,100
Fasthand,,/Skip/Spacing,100
Fira Code,,/Skip/Spacing,100
Fira Mono,,/Skip/Spacing,100
Fleur De Leah,,/Skip/Spacing,100
Flow Block,,/Skip/Spacing,100
Flow Circular,,/Skip/Spacing,100
Flow Rounded,,/Skip/Spacing,100
Fontdiner Swanky,,/Skip/Spacing,100
Fragment Mono,,/Skip/Spacing,100
Freehand,,/Skip/Spacing,100
Geist Mono,,/Skip/Spacing,100
Google Sans Code,,/Skip/Spacing,100
Great Vibes,,/Skip/Spacing,100
Grey Qo,,/Skip/Spacing,100
Griffy,,/Skip/Spacing,100
Gwendolyn,,/Skip/Spacing,100
Herr Von Muellerhoff,,/Skip/Spacing,100
Hibur Mono,,/Skip/Spacing,100
Honk,,/Skip/Spacing,100
IBM Plex Mono,,/Skip/Spacing,100
Inconsolata,,/Skip/Spacing,100
Inspiration,,/Skip/Spacing,100
Intel One Mono,,/Skip/Spacing,100
Iosevka Charon Mono,,/Skip/Spacing,100
Island Moments,,/Skip/Spacing,100
Italianno,,/Skip/Spacing,100
Jacquard 12 Charted,,/Skip/Spacing,100
Jacquard 24 Charted,,/Skip/Spacing,100
Jacquarda Bastarda 9 Charted,,/Skip/Spacing,100
Jersey 10 Charted,,/Skip/Spacing,100
Jersey 15 Charted,,/Skip/Spacing,100
Jersey 20 Charted,,/Skip/Spacing,100
Jersey 25 Charted,,/Skip/Spacing,100
JetBrains Mono,,/Skip/Spacing,100
Karla Tamil Inclined,,/Skip/Spacing,100
Karla Tamil Upright,,/Skip/Spacing,100
Khmer,,/Skip/Spacing,100
Kings,,/Skip/Spacing,100
Knewave,,/Skip/Spacing,100
Kode Mono,,/Skip/Spacing,100
Kolker Brush,,/Skip/Spacing,100
Kosugi Maru,,/Skip/Spacing,100
Kosugi,,/Skip/Spacing,100
LXGW WenKai Mono TC,,/Skip/Spacing,100
Lavishly Yours,,/Skip/Spacing,100
Lekton,,/Skip/Spacing,100
Libertinus Keyboard,,/Skip/Spacing,100
Libertinus Mono,,/Skip/Spacing,100
Libre Barcode 128 Text,,/Skip/Spacing,100
Libre Barcode 128,,/Skip/Spacing,100
Libre Barcode 39 Text,,/Skip/Spacing,100
Libre Barcode 39,,/Skip/Spacing,100
Libre Barcode EAN13 Text,,/Skip/Spacing,100
Lilex,,/Skip/Spacing,100
Linefont,,/Skip/Spacing,100
Love Light,,/Skip/Spacing,100
Lovers Quarrel,,/Skip/Spacing,100
Luxurious Script,,/Skip/Spacing,100
M PLUS 1 Code,,/Skip/Spacing,100
M PLUS Code Latin,,/Skip/Spacing,100
Major Mono Display,,/Skip/Spacing,100
Martian Mono,,/Skip/Spacing,100
Mea Culpa,,/Skip/Spacing,100
Meddon,,/Skip/Spacing,100
Metal Mania,,/Skip/Spacing,100
Micro 5 Charted,,/Skip/Spacing,100
Miss Fajardose,,/Skip/Spacing,100
Monofett,,/Skip/Spacing,100
Monsieur La Doulaise,,/Skip/Spacing,100
Mr Dafoe,,/Skip/Spacing,100
Mr De Haviland,,/Skip/Spacing,100
Mrs Saint Delafield,,/Skip/Spacing,100
Mrs Sheppards,,/Skip/Spacing,100
My Soul,,/Skip/Spacing,100
Nanum Gothic Coding,,/Skip/Spacing,100
Neonderthaw,,/Skip/Spacing,100
Noto Color Emoji,,/Skip/Spacing,100
Noto Emoji,,/Skip/Spacing,100
Noto Sans Lycian,,/Skip/Spacing,100
Noto Sans Mono,,/Skip/Spacing,100
Noto Sans Sharada,,/Skip/Spacing,100
Noto Serif Myanmar,,/Skip/Spacing,100
Nova Mono,,/Skip/Spacing,100
Oooh Baby,,/Skip/Spacing,100
Orbit,,/Skip/Spacing,100
Overpass Mono,,/Skip/Spacing,100
Oxygen Mono,,/Skip/Spacing,100
PT Mono,,/Skip/Spacing,100
Palette Mosaic,,/Skip/Spacing,100
Permanent Marker,,/Skip/Spacing,100
Petemoss,,/Skip/Spacing,100
Phetsarath,,/Skip/Spacing,100
Pinyon Script,,/Skip/Spacing,100
Playwrite AR Guides,,/Skip/Spacing,100
Playwrite AT Guides,,/Skip/Spacing,100
Playwrite AU NSW Guides,,/Skip/Spacing,100
Playwrite AU QLD Guides,,/Skip/Spacing,100
Playwrite AU SA Guides,,/Skip/Spacing,100
Playwrite AU TAS Guides,,/Skip/Spacing,100
Playwrite AU VIC Guides,,/Skip/Spacing,100
Playwrite BE VLG Guides,,/Skip/Spacing,100
Playwrite BE WAL Guides,,/Skip/Spacing,100
Playwrite BR Guides,,/Skip/Spacing,100
Playwrite CA Guides,,/Skip/Spacing,100
Playwrite CL Guides,,/Skip/Spacing,100
Playwrite CO Guides,,/Skip/Spacing,100
Playwrite CU Guides,,/Skip/Spacing,100
Playwrite CZ Guides,,/Skip/Spacing,100
Playwrite DE LA Guides,,/Skip/Spacing,100
Playwrite DE SAS Guides,,/Skip/Spacing,100
Playwrite DE VA Guides,,/Skip/Spacing,100
Playwrite DK Loopet Guides,,/Skip/Spacing,100
Playwrite DK Uloopet Guides,,/Skip/Spacing,100
Playwrite ES Deco Guides,,/Skip/Spacing,100
Playwrite ES Guides,,/Skip/Spacing,100
Playwrite FR Trad Guides,,/Skip/Spacing,100
Playwrite HR Guides,,/Skip/Spacing,100
Playwrite ID Guides,,/Skip/Spacing,100
Playwrite IE Guides,,/Skip/Spacing,100
Playwrite IN Guides,,/Skip/Spacing,100
Playwrite IS Guides,,/Skip/Spacing,100
Playwrite MX Guides,,/Skip/Spacing,100
Playwrite NL Guides,,/Skip/Spacing,100
Playwrite NO Guides,,/Skip/Spacing,100
Playwrite NZ Basic Guides,,/Skip/Spacing,100
Playwrite NZ Guides,,/Skip/Spacing,100
Playwrite PE Guides,,/Skip/Spacing,100
Playwrite PT Guides,,/Skip/Spacing,100
Playwrite RO Guides,,/Skip/Spacing,100
Playwrite SK Guides,,/Skip/Spacing,100
Playwrite TZ Guides,,/Skip/Spacing,100
Playwrite US Trad Guides,,/Skip/Spacing,100
Playwrite VN Guides,,/Skip/Spacing,100
Playwrite ZA Guides,,/Skip/Spacing,100
Ponnala,,/Skip/Spacing,100
Press Start 2P,,/Skip/Spacing,100
Princess Sofia,,/Skip/Spacing,100
Qwigley,,/Skip/Spacing,100
Qwitcher Grypen,,/Skip/Spacing,100
Red Hat Mono,,/Skip/Spacing,100
Redacted,,/Skip/Spacing,100
Reddit Mono,,/Skip/Spacing,100
Roboto Mono,,/Skip/Spacing,100
Rock Salt,,/Skip/Spacing,100
Romanesco,,/Skip/Spacing,100
Rubik Beastly,,/Skip/Spacing,100
Rubik Glitch,,/Skip/Spacing,100
Rubik Mono One,,/Skip/Spacing,100
Ruthie,,/Skip/Spacing,100
SUSE Mono,,/Skip/Spacing,100
Sassy Frass,,/Skip/Spacing,100
Seaweed Script,,/Skip/Spacing,100
Share Tech Mono,,/Skip/Spacing,100
Shrikhand,,/Skip/Spacing,100
Siemreap,,/Skip/Spacing,100
Sixtyfour Convergence,,/Skip/Spacing,100
Sixtyfour,,/Skip/Spacing,100
Smooch,,/Skip/Spacing,100
Sometype Mono,,/Skip/Spacing,100
Sono,,/Skip/Spacing,100
Source Code Pro,,/Skip/Spacing,100
Space Mono,,/Skip/Spacing,100
Splash,,/Skip/Spacing,100
Spline Sans Mono,,/Skip/Spacing,100
Stalemate,,/Skip/Spacing,100
Story Script,,/Skip/Spacing,100
Syne Mono,,/Skip/Spacing,100
Taprom,,/Skip/Spacing,100
The Nautigal,,/Skip/Spacing,100
Trade Winds,,/Skip/Spacing,100
Ubuntu Mono,,/Skip/Spacing,100
Ubuntu Sans Mono,,/Skip/Spacing,100
VT323,,/Skip/Spacing,100
Victor Mono,,/Skip/Spacing,100
Vujahday Script,,/Skip/Spacing,100
Warnes,,/Skip/Spacing,100
Water Brush,,/Skip/Spacing,100
Wavefont,,/Skip/Spacing,100
Whisper,,/Skip/Spacing,100
Workbench,,/Skip/Spacing,100
Xanh Mono,,/Skip/Spacing,100
Yarndings 12 Charted,,/Skip/Spacing,100
Yarndings 20 Charted,,/Skip/Spacing,100
Yomogi,,/Skip/Spacing,100
Zilla Slab Highlight,,/Skip/Spacing,100
