ABeeZee,,/Quality/Spacing,70
AR One Sans,,/Quality/Spacing,70
Abel,,/Quality/Spacing,70
Aboreto,,/Quality/Spacing,70
Abril Fatface,,/Quality/Spacing,70
Aclonica,,/Quality/Spacing,90
Acme,,/Quality/Spacing,70
Actor,,/Quality/Spacing,100
Adamina,,/Quality/Spacing,80
Advent Pro,,/Quality/Spacing,60
Afacad Flux,,/Quality/Spacing,70
Afacad,,/Quality/Spacing,70
Agbalumo,,/Quality/Spacing,70
Agdasima,,/Quality/Spacing,80
Agu Display,,/Quality/Spacing,70
Akronim,,/Quality/Spacing,60
Akt,,/Quality/Spacing,70
Aladin,,/Quality/Spacing,70
Alan Sans,,/Quality/Spacing,80
Alata,,/Quality/Spacing,70
Alatsi,,/Quality/Spacing,80
Albert Sans,,/Quality/Spacing,60
Aldrich,,/Quality/Spacing,70
Alegreya SC,,/Quality/Spacing,60
Alegreya Sans SC,,/Quality/Spacing,70
Alegreya Sans,,/Quality/Spacing,70
Alegreya,,/Quality/Spacing,70
Aleo,,/Quality/Spacing,80
Alfa Slab One,,/Quality/Spacing,80
Alice,,/Quality/Spacing,80
Alike Angular,,/Quality/Spacing,80
Alike,,/Quality/Spacing,90
Alkatra,,/Quality/Spacing,70
Allan,,/Quality/Spacing,60
Allerta Stencil,,/Quality/Spacing,50
Allerta,,/Quality/Spacing,50
Almendra Display,,/Quality/Spacing,60
Almendra SC,,/Quality/Spacing,20
Almendra,,/Quality/Spacing,60
Alumni Sans Collegiate One,,/Quality/Spacing,70
Alumni Sans Inline One,,/Quality/Spacing,70
Alumni Sans Pinstripe,,/Quality/Spacing,70
Alumni Sans SC,,/Quality/Spacing,70
Alumni Sans,,/Quality/Spacing,80
Amarante,,/Quality/Spacing,60
Amaranth,,/Quality/Spacing,80
Amarna,,/Quality/Spacing,70
Amethysta,,/Quality/Spacing,70
Anaheim,,/Quality/Spacing,80
Ancizar Sans,,/Quality/Spacing,80
Ancizar Serif,,/Quality/Spacing,80
Andada Pro,,/Quality/Spacing,60
Andika,,/Quality/Spacing,60
Anek Latin,,/Quality/Spacing,80
Anta,,/Quality/Spacing,70
Antic Didone,,/Quality/Spacing,40
Antic Slab,,/Quality/Spacing,40
Antic,,/Quality/Spacing,40
Anton SC,,/Quality/Spacing,80
Anton,,/Quality/Spacing,80
Antonio,,/Quality/Spacing,80
Anybody,,/Quality/Spacing,70
Arapey,,/Quality/Spacing,80
Arbutus Slab,,/Quality/Spacing,60
Arbutus,,/Quality/Spacing,60
Archivo Black,,/Quality/Spacing,80
Archivo Narrow,,/Quality/Spacing,80
Archivo,,/Quality/Spacing,70
Arima,,/Quality/Spacing,80
Arimo,,/Quality/Spacing,70
Armata,,/Quality/Spacing,60
Arsenal SC,,/Quality/Spacing,70
Arsenal,,/Quality/Spacing,70
Artifika,,/Quality/Spacing,90
Arvo,,/Quality/Spacing,60
Asap Condensed,,/Quality/Spacing,70
Asap Sharp,,/Quality/Spacing,80
Asap,,/Quality/Spacing,80
Asimovian,,/Quality/Spacing,60
Asset,,/Quality/Spacing,70
Astloch,,/Quality/Spacing,70
Asul,,/Quality/Spacing,60
Atkinson Hyperlegible Next,,/Quality/Spacing,80
Atkinson Hyperlegible,,/Quality/Spacing,70
Atomic Age,,/Quality/Spacing,60
Aubrey,,/Quality/Spacing,90
Audiowide,,/Quality/Spacing,80
Autour One,,/Quality/Spacing,70
Average Sans,,/Quality/Spacing,70
Average,,/Quality/Spacing,70
Averia Gruesa Libre,,/Quality/Spacing,80
Averia Libre,,/Quality/Spacing,80
Averia Sans Libre,,/Quality/Spacing,80
Averia Serif Libre,,/Quality/Spacing,90
B612,,/Quality/Spacing,60
BBH Bartle,,/Quality/Spacing,60
BBH Bogle,,/Quality/Spacing,80
BBH Hegarty,,/Quality/Spacing,80
Bacasime Antique,,/Quality/Spacing,70
Bahiana,,/Quality/Spacing,80
Bahianita,,/Quality/Spacing,80
Balsamiq Sans,,/Quality/Spacing,80
Balthazar,,/Quality/Spacing,70
Barlow Condensed,,/Quality/Spacing,80
Barlow Semi Condensed,,/Quality/Spacing,70
Barlow,,/Quality/Spacing,60
Barriecito,,/Quality/Spacing,80
Barrio,,/Quality/Spacing,70
Basic,,/Quality/Spacing,70
Baskervville SC,,/Quality/Spacing,70
Baskervville,,/Quality/Spacing,70
Baumans,,/Quality/Spacing,70
Be Vietnam Pro,,/Quality/Spacing,60
Bebas Neue,,/Quality/Spacing,100
Belanosima,,/Quality/Spacing,70
Belgrano,,/Quality/Spacing,80
Bellefair,,/Quality/Spacing,70
Belleza,,/Quality/Spacing,70
Bellota Text,,/Quality/Spacing,80
Bellota,,/Quality/Spacing,70
BenchNine,,/Quality/Spacing,80
Bentham,,/Quality/Spacing,60
Besley,,/Quality/Spacing,70
Bevan,,/Quality/Spacing,80
Big Shoulders Inline,,/Quality/Spacing,90
Big Shoulders Stencil,,/Quality/Spacing,100
Big Shoulders,,/Quality/Spacing,100
Bigelow Rules,,/Quality/Spacing,80
Bigshot One,,/Quality/Spacing,80
BioRhyme Expanded,,/Quality/Spacing,40
BioRhyme,,/Quality/Spacing,70
Bitcount Prop Double Ink,,/Quality/Spacing,60
Bitcount Prop Double,,/Quality/Spacing,60
Bitcount Prop Single Ink,,/Quality/Spacing,40
Bitcount Prop Single,,/Quality/Spacing,40
Bitter,,/Quality/Spacing,70
Black Ops One,,/Quality/Spacing,80
Blinker,,/Quality/Spacing,100
Bodoni Moda SC,,/Quality/Spacing,60
Bodoni Moda,,/Quality/Spacing,60
Boldonse,,/Quality/Spacing,80
Bona Nova SC,,/Quality/Spacing,60
Bona Nova,,/Quality/Spacing,60
Boogaloo,,/Quality/Spacing,70
Bowlby One SC,,/Quality/Spacing,70
Bowlby One,,/Quality/Spacing,70
Brawler,,/Quality/Spacing,60
Bree Serif,,/Quality/Spacing,90
Bricolage Grotesque,,/Quality/Spacing,80
Bruno Ace SC,,/Quality/Spacing,70
Bruno Ace,,/Quality/Spacing,70
Brygada 1918,,/Quality/Spacing,70
Bubblegum Sans,,/Quality/Spacing,70
Bubbler One,,/Quality/Spacing,90
Buda,,/Quality/Spacing,70
Buenard,,/Quality/Spacing,80
Bungee Hairline,,/Quality/Spacing,50
Bungee Inline,,/Quality/Spacing,80
Bungee Outline,,/Quality/Spacing,80
Bungee Shade,,/Quality/Spacing,90
Bungee Spice,,/Quality/Spacing,70
Bungee Tint,,/Quality/Spacing,70
Bungee,,/Quality/Spacing,70
Butcherman,,/Quality/Spacing,70
Caacupe One,,/Quality/Spacing,90
Cabin Condensed,,/Quality/Spacing,80
Cabin Sketch,,/Quality/Spacing,60
Cabin,,/Quality/Spacing,80
Caesar Dressing,,/Quality/Spacing,70
Cagliostro,,/Quality/Spacing,70
Cal Sans,,/Quality/Spacing,80
Caladea,,/Quality/Spacing,70
Calistoga,,/Quality/Spacing,80
Cambo,,/Quality/Spacing,70
Candal,,/Quality/Spacing,60
Cantarell,,/Quality/Spacing,60
Cantata One,,/Quality/Spacing,50
Cantora One,,/Quality/Spacing,90
Caprasimo,,/Quality/Spacing,70
Capriola,,/Quality/Spacing,60
Cardo,,/Quality/Spacing,70
Carlito,,/Quality/Spacing,70
Carme,,/Quality/Spacing,50
Carrois Gothic SC,,/Quality/Spacing,70
Carrois Gothic,,/Quality/Spacing,80
Carter One,,/Quality/Spacing,70
Castoro Titling,,/Quality/Spacing,60
Castoro,,/Quality/Spacing,70
Caudex,,/Quality/Spacing,70
Ceviche One,,/Quality/Spacing,70
Changa One,,/Quality/Spacing,90
Changa,,/Quality/Spacing,70
Chango,,/Quality/Spacing,70
Charis SIL,,/Quality/Spacing,70
Chau Philomene One,,/Quality/Spacing,70
Chela One,,/Quality/Spacing,90
Chelsea Market,,/Quality/Spacing,70
Cherry Cream Soda,,/Quality/Spacing,60
Cherry Swash,,/Quality/Spacing,70
Chewy,,/Quality/Spacing,70
Chivo,,/Quality/Spacing,80
Cinzel Decorative,,/Quality/Spacing,40
Cinzel,,/Quality/Spacing,70
Clarity City,,/Quality/Spacing,60
Climate Crisis,,/Quality/Spacing,100
Coda,,/Quality/Spacing,80
Codystar,,/Quality/Spacing,60
Coiny,,/Quality/Spacing,70
Combo,,/Quality/Spacing,70
Comfortaa,,/Quality/Spacing,60
Comic Relief,,/Quality/Spacing,60
Comme,,/Quality/Spacing,60
Commissioner,,/Quality/Spacing,80
Concert One,,/Quality/Spacing,70
Contrail One,,/Quality/Spacing,70
Convergence,,/Quality/Spacing,70
Copse,,/Quality/Spacing,80
Corben,,/Quality/Spacing,70
Cormorant Garamond,,/Quality/Spacing,80
Cormorant Infant,,/Quality/Spacing,80
Cormorant SC,,/Quality/Spacing,90
Cormorant Unicase,,/Quality/Spacing,90
Cormorant Upright,,/Quality/Spacing,70
Cormorant,,/Quality/Spacing,80
Cossette Texte,,/Quality/Spacing,80
Cossette Titre,,/Quality/Spacing,80
Coustard,,/Quality/Spacing,60
Creepster,,/Quality/Spacing,80
Crete Round,,/Quality/Spacing,80
Crimson Pro,,/Quality/Spacing,70
Crimson Text,,/Quality/Spacing,70
Croissant One,,/Quality/Spacing,70
Crushed,,/Quality/Spacing,90
Cuprum,,/Quality/Spacing,80
Cutive,,/Quality/Spacing,50
DM Sans,,/Quality/Spacing,70
DM Serif Display,,/Quality/Spacing,70
DM Serif Text,,/Quality/Spacing,70
Danfo,,/Quality/Spacing,70
Darker Grotesque,,/Quality/Spacing,70
Days One,,/Quality/Spacing,80
Della Respira,,/Quality/Spacing,70
Denk One,,/Quality/Spacing,80
Didact Gothic,,/Quality/Spacing,70
Diplomata SC,,/Quality/Spacing,50
Diplomata,,/Quality/Spacing,50
Domine,,/Quality/Spacing,90
Donegal One,,/Quality/Spacing,60
Doppio One,,/Quality/Spacing,70
Dorsa,,/Quality/Spacing,80
Dosis,,/Quality/Spacing,90
Duru Sans,,/Quality/Spacing,50
DynaPuff,,/Quality/Spacing,70
EB Garamond,,/Quality/Spacing,70
Eater,,/Quality/Spacing,50
Economica,,/Quality/Spacing,70
Electrolize,,/Quality/Spacing,70
Elms Sans,,/Quality/Spacing,60
Elsie Swash Caps,,/Quality/Spacing,60
Elsie,,/Quality/Spacing,60
Emblema One,,/Quality/Spacing,60
Emilys Candy,,/Quality/Spacing,50
Encode Sans Condensed,,/Quality/Spacing,80
Encode Sans Expanded,,/Quality/Spacing,70
Encode Sans SC,,/Quality/Spacing,70
Encode Sans Semi Condensed,,/Quality/Spacing,80
Encode Sans Semi Expanded,,/Quality/Spacing,80
Encode Sans,,/Quality/Spacing,80
Englebert,,/Quality/Spacing,90
Enriqueta,,/Quality/Spacing,80
Epilogue,,/Quality/Spacing,60
Epunda Sans,,/Quality/Spacing,80
Epunda Slab,,/Quality/Spacing,70
Erica One,,/Quality/Spacing,80
Esteban,,/Quality/Spacing,80
Ewert,,/Quality/Spacing,70
Exile,,/Quality/Spacing,90
Exo 2,,/Quality/Spacing,80
Exo,,/Quality/Spacing,70
Expletus Sans,,/Quality/Spacing,60
Faculty Glyphic,,/Quality/Spacing,60
Familjen Grotesk,,/Quality/Spacing,80
Fanwood Text,,/Quality/Spacing,80
Farro,,/Quality/Spacing,80
Fascinate Inline,,/Quality/Spacing,80
Fascinate,,/Quality/Spacing,80
Fauna One,,/Quality/Spacing,70
Faustina,,/Quality/Spacing,60
Federant,,/Quality/Spacing,70
Federo,,/Quality/Spacing,80
Fenix,,/Quality/Spacing,90
Figtree,,/Quality/Spacing,70
Finger Paint,,/Quality/Spacing,70
Finlandica Headline,,/Quality/Spacing,70
Finlandica Text,,/Quality/Spacing,70
Fira Sans Condensed,,/Quality/Spacing,70
Fira Sans Extra Condensed,,/Quality/Spacing,70
Fira Sans,,/Quality/Spacing,70
Fjalla One,,/Quality/Spacing,80
Fjord One,,/Quality/Spacing,80
Flamenco,,/Quality/Spacing,80
Flavors,,/Quality/Spacing,60
Foldit,,/Quality/Spacing,80
Forum,,/Quality/Spacing,60
Francois One,,/Quality/Spacing,90
Fraunces,,/Quality/Spacing,70
Freckle Face,,/Quality/Spacing,80
Fredericka the Great,,/Quality/Spacing,40
Fredoka,,/Quality/Spacing,60
Freeman,,/Quality/Spacing,100
Fresca,,/Quality/Spacing,60
Frijole,,/Quality/Spacing,70
Fruktur,,/Quality/Spacing,70
Fugaz One,,/Quality/Spacing,70
Funnel Display,,/Quality/Spacing,90
Funnel Sans,,/Quality/Spacing,80
GFS Didot,,/Quality/Spacing,60
GFS Neohellenic,,/Quality/Spacing,60
Ga Maamli,,/Quality/Spacing,70
Gabarito,,/Quality/Spacing,80
Gabriela,,/Quality/Spacing,70
Gafata,,/Quality/Spacing,90
Galdeano,,/Quality/Spacing,70
Galindo,,/Quality/Spacing,80
Gantari,,/Quality/Spacing,60
Geist Pixel,,/Quality/Spacing,70
Geist,,/Quality/Spacing,70
Gelasio,,/Quality/Spacing,60
Genos,,/Quality/Spacing,70
Gentium Book Plus,,/Quality/Spacing,70
Gentium Plus,,/Quality/Spacing,70
Geo,,/Quality/Spacing,60
Geologica,,/Quality/Spacing,80
Geom,,/Quality/Spacing,60
Geomini,,/Quality/Spacing,70
Georama,,/Quality/Spacing,90
Geostar Fill,,/Quality/Spacing,70
Geostar,,/Quality/Spacing,70
Germania One,,/Quality/Spacing,70
Gideon Roman,,/Quality/Spacing,70
Gidole,,/Quality/Spacing,80
Gilda Display,,/Quality/Spacing,60
Girassol,,/Quality/Spacing,70
Glass Antiqua,,/Quality/Spacing,70
Glegoo,,/Quality/Spacing,70
Gloock,,/Quality/Spacing,60
Glory,,/Quality/Spacing,70
Gluten,,/Quality/Spacing,70
Goblin One,,/Quality/Spacing,70
Goldman,,/Quality/Spacing,70
Golos Text,,/Quality/Spacing,70
Google Sans Flex,,/Quality/Spacing,70
Google Sans,,/Quality/Spacing,80
Gorditas,,/Quality/Spacing,90
Goudy Bookletter 1911,,/Quality/Spacing,60
Graduate,,/Quality/Spacing,70
Grandstander,,/Quality/Spacing,70
Gravitas One,,/Quality/Spacing,70
Grenze Gotisch,,/Quality/Spacing,80
Grenze,,/Quality/Spacing,80
Gruppo,,/Quality/Spacing,60
Gudea,,/Quality/Spacing,60
Gupter,,/Quality/Spacing,70
Habibi,,/Quality/Spacing,60
Hammersmith One,,/Quality/Spacing,60
Hanalei Fill,,/Quality/Spacing,80
Hanalei,,/Quality/Spacing,70
Handjet,,/Quality/Spacing,70
Hanken Grotesk,,/Quality/Spacing,80
Happy Monkey,,/Quality/Spacing,80
Headland One,,/Quality/Spacing,50
Hedvig Letters Sans,,/Quality/Spacing,90
Hedvig Letters Serif,,/Quality/Spacing,90
Henny Penny,,/Quality/Spacing,50
Hepta Slab,,/Quality/Spacing,70
Holtwood One SC,,/Quality/Spacing,70
Homenaje,,/Quality/Spacing,70
Host Grotesk,,/Quality/Spacing,60
Hubot Sans,,/Quality/Spacing,60
IBM Plex Sans Condensed,,/Quality/Spacing,90
IBM Plex Sans,,/Quality/Spacing,90
IBM Plex Serif,,/Quality/Spacing,100
IM Fell DW Pica SC,,/Quality/Spacing,80
IM Fell DW Pica,,/Quality/Spacing,70
IM Fell Double Pica SC,,/Quality/Spacing,70
IM Fell Double Pica,,/Quality/Spacing,70
IM Fell English SC,,/Quality/Spacing,60
IM Fell English,,/Quality/Spacing,70
IM Fell French Canon SC,,/Quality/Spacing,70
IM Fell French Canon,,/Quality/Spacing,70
IM Fell Great Primer SC,,/Quality/Spacing,70
IM Fell Great Primer,,/Quality/Spacing,70
Ibarra Real Nova,,/Quality/Spacing,70
Iceberg,,/Quality/Spacing,70
Iceland,,/Quality/Spacing,70
Imbue,,/Quality/Spacing,80
Imprima,,/Quality/Spacing,70
Inclusive Sans,,/Quality/Spacing,70
Inder,,/Quality/Spacing,60
Inika,,/Quality/Spacing,70
Inria Sans,,/Quality/Spacing,70
Inria Serif,,/Quality/Spacing,90
Instrument Sans,,/Quality/Spacing,70
Instrument Serif,,/Quality/Spacing,70
Inter Tight,,/Quality/Spacing,70
Inter,,/Quality/Spacing,70
Iosevka Charon,,/Quality/Spacing,60
Irish Grover,,/Quality/Spacing,40
Isometra,,/Quality/Spacing,50
Istok Web,,/Quality/Spacing,70
Italiana,,/Quality/Spacing,40
Jacquard 12,,/Quality/Spacing,70
Jacquard 24,,/Quality/Spacing,70
Jacquarda Bastarda 9,,/Quality/Spacing,60
Jacques Francois Shadow,,/Quality/Spacing,60
Jacques Francois,,/Quality/Spacing,60
Jaro,,/Quality/Spacing,60
Jersey 10,,/Quality/Spacing,90
Jersey 15,,/Quality/Spacing,80
Jersey 20,,/Quality/Spacing,80
Jersey 25,,/Quality/Spacing,70
Joan,,/Quality/Spacing,70
Jockey One,,/Quality/Spacing,90
Jolly Lodger,,/Quality/Spacing,60
Josefin Sans,,/Quality/Spacing,60
Josefin Slab,,/Quality/Spacing,60
Jost,,/Quality/Spacing,60
Joti One,,/Quality/Spacing,70
Judson,,/Quality/Spacing,90
Julius Sans One,,/Quality/Spacing,40
Junge,,/Quality/Spacing,60
Jura,,/Quality/Spacing,70
Kablammo,,/Quality/Spacing,80
Kalnia Glaze,,/Quality/Spacing,70
Kalnia,,/Quality/Spacing,60
Kameron,,/Quality/Spacing,70
Karla,,/Quality/Spacing,60
Kavoon,,/Quality/Spacing,70
Keania One,,/Quality/Spacing,90
Kedebideri,,/Quality/Spacing,60
Kelly Slab,,/Quality/Spacing,70
Kenia,,/Quality/Spacing,80
Kite One,,/Quality/Spacing,50
Kotta One,,/Quality/Spacing,60
Kranky,,/Quality/Spacing,60
Kreon,,/Quality/Spacing,100
Krona One,,/Quality/Spacing,50
Kulim Park,,/Quality/Spacing,60
Kumar One Outline,,/Quality/Spacing,60
Kumbh Sans,,/Quality/Spacing,60
Labrada,,/Quality/Spacing,70
Lacquer,,/Quality/Spacing,80
Lancelot,,/Quality/Spacing,60
Lato,,/Quality/Spacing,80
League Gothic,,/Quality/Spacing,80
League Spartan,,/Quality/Spacing,60
Ledger,,/Quality/Spacing,40
Lemon,,/Quality/Spacing,70
Lexend Deca,,/Quality/Spacing,70
Lexend Exa,,/Quality/Spacing,60
Lexend Giga,,/Quality/Spacing,60
Lexend Mega,,/Quality/Spacing,60
Lexend Peta,,/Quality/Spacing,50
Lexend Tera,,/Quality/Spacing,50
Lexend Zetta,,/Quality/Spacing,40
Lexend,,/Quality/Spacing,70
Libertinus Math,,/Quality/Spacing,70
Libertinus Sans,,/Quality/Spacing,70
Libertinus Serif Display,,/Quality/Spacing,70
Libertinus Serif,,/Quality/Spacing,80
Libre Barcode 39 Extended Text,,/Quality/Spacing,80
Libre Barcode 39 Extended,,/Quality/Spacing,80
Libre Baskerville,,/Quality/Spacing,80
Libre Bodoni,,/Quality/Spacing,70
Libre Caslon Condensed,,/Quality/Spacing,80
Libre Caslon Display,,/Quality/Spacing,70
Libre Caslon Text,,/Quality/Spacing,80
Libre Franklin,,/Quality/Spacing,70
Life Savers,,/Quality/Spacing,70
Lilita One,,/Quality/Spacing,70
Lily Script One,,/Quality/Spacing,40
Limelight,,/Quality/Spacing,70
Linden Hill,,/Quality/Spacing,70
Liter,,/Quality/Spacing,70
Literata,,/Quality/Spacing,70
Livvic,,/Quality/Spacing,70
Lobster Two,,/Quality/Spacing,60
Lobster,,/Quality/Spacing,40
Londrina Outline,,/Quality/Spacing,80
Londrina Shadow,,/Quality/Spacing,70
Londrina Sketch,,/Quality/Spacing,70
Londrina Solid,,/Quality/Spacing,100
Lora,,/Quality/Spacing,90
Love Ya Like A Sister,,/Quality/Spacing,60
Luckiest Guy,,/Quality/Spacing,80
Lunasima,,/Quality/Spacing,70
Lusitana,,/Quality/Spacing,70
Lustria,,/Quality/Spacing,80
Luxurious Roman,,/Quality/Spacing,70
Macondo Swash Caps,,/Quality/Spacing,60
Macondo,,/Quality/Spacing,70
Madimi One,,/Quality/Spacing,60
Magra,,/Quality/Spacing,70
Maiden Orange,,/Quality/Spacing,90
Maitree,,/Quality/Spacing,70
Mako,,/Quality/Spacing,100
Manrope,,/Quality/Spacing,60
Manuale,,/Quality/Spacing,70
Manufacturing Consent,,/Quality/Spacing,60
Marcellus SC,,/Quality/Spacing,80
Marcellus,,/Quality/Spacing,90
Margarine,,/Quality/Spacing,80
Marko One,,/Quality/Spacing,70
Marmelad,,/Quality/Spacing,70
Marvel,,/Quality/Spacing,90
Mate SC,,/Quality/Spacing,70
Mate,,/Quality/Spacing,70
Matemasie,,/Quality/Spacing,70
Maven Pro,,/Quality/Spacing,60
McLaren,,/Quality/Spacing,90
MedievalSharp,,/Quality/Spacing,70
Medula One,,/Quality/Spacing,90
Megrim,,/Quality/Spacing,70
Merriweather Sans,,/Quality/Spacing,60
Merriweather,,/Quality/Spacing,80
Metamorphous,,/Quality/Spacing,60
Metrophobic,,/Quality/Spacing,70
Michroma,,/Quality/Spacing,40
Micro 5,,/Quality/Spacing,70
Milonga,,/Quality/Spacing,70
Miltonian Tattoo,,/Quality/Spacing,80
Miltonian,,/Quality/Spacing,80
Miranda Sans,,/Quality/Spacing,80
Modern Antiqua,,/Quality/Spacing,60
Moderustic,,/Quality/Spacing,60
Mohave,,/Quality/Spacing,70
Molengo,,/Quality/Spacing,60
Momo Trust Display,,/Quality/Spacing,70
Momo Trust Sans,,/Quality/Spacing,70
Mona Sans,,/Quality/Spacing,80
Monda,,/Quality/Spacing,60
Monoton,,/Quality/Spacing,70
Montaga,,/Quality/Spacing,70
Montagu Slab,,/Quality/Spacing,80
Montenegrin Gothic One,,/Quality/Spacing,60
Montserrat Alternates,,/Quality/Spacing,70
Montserrat Underline,,/Quality/Spacing,70
Montserrat,,/Quality/Spacing,70
Moo Lah Lah,,/Quality/Spacing,60
Mooli,,/Quality/Spacing,70
Mountains of Christmas,,/Quality/Spacing,60
Mouse Memoirs,,/Quality/Spacing,90
Mozilla Headline,,/Quality/Spacing,80
Mozilla Text,,/Quality/Spacing,90
Mulish,,/Quality/Spacing,70
MuseoModerno,,/Quality/Spacing,70
Mystery Quest,,/Quality/Spacing,40
Nabla,,/Quality/Spacing,70
Nata Sans,,/Quality/Spacing,70
National Park,,/Quality/Spacing,70
Neuton,,/Quality/Spacing,70
New Amsterdam,,/Quality/Spacing,80
New Rocker,,/Quality/Spacing,70
News Cycle,,/Quality/Spacing,70
Newsreader,,/Quality/Spacing,90
Nixie One,,/Quality/Spacing,80
Nobile,,/Quality/Spacing,50
Nosifer,,/Quality/Spacing,80
Notable,,/Quality/Spacing,60
Noticia Text,,/Quality/Spacing,70
Noto Music,,/Quality/Spacing,70
Noto Sans Caucasian Albanian,,/Quality/Spacing,70
Noto Sans Cypro Minoan,,/Quality/Spacing,70
Noto Sans Display,,/Quality/Spacing,80
Noto Sans Elymaic,,/Quality/Spacing,70
Noto Sans Indic Siyaq Numbers,,/Quality/Spacing,70
Noto Sans Math,,/Quality/Spacing,70
Noto Sans Mayan Numerals,,/Quality/Spacing,70
Noto Sans Nushu,,/Quality/Spacing,70
Noto Sans Old Hungarian,,/Quality/Spacing,70
Noto Sans Pau Cin Hau,,/Quality/Spacing,70
Noto Sans SignWriting,,/Quality/Spacing,70
Noto Sans Symbols,,/Quality/Spacing,70
Noto Sans,,/Quality/Spacing,70
Noto Serif Display,,/Quality/Spacing,80
Noto Serif Hentaigana,,/Quality/Spacing,80
Noto Serif Khitan Small Script,,/Quality/Spacing,80
Noto Serif Ottoman Siyaq,,/Quality/Spacing,80
Noto Serif,,/Quality/Spacing,80
Noto Znamenny Musical Notation,,/Quality/Spacing,70
Nova Cut,,/Quality/Spacing,70
Nova Flat,,/Quality/Spacing,70
Nova Oval,,/Quality/Spacing,70
Nova Round,,/Quality/Spacing,70
Nova Script,,/Quality/Spacing,60
Nova Slim,,/Quality/Spacing,70
Nova Square,,/Quality/Spacing,70
Numans,,/Quality/Spacing,70
Nunito Sans,,/Quality/Spacing,70
Nunito,,/Quality/Spacing,70
Odibee Sans,,/Quality/Spacing,60
Offside,,/Quality/Spacing,70
Oi,,/Quality/Spacing,90
Ojuju,,/Quality/Spacing,60
Old Standard TT,,/Quality/Spacing,60
Oldenburg,,/Quality/Spacing,60
Oleo Script Swash Caps,,/Quality/Spacing,40
Oleo Script,,/Quality/Spacing,70
Onest,,/Quality/Spacing,70
Open Sans,,/Quality/Spacing,70
Oranienbaum,,/Quality/Spacing,80
Orbitron,,/Quality/Spacing,40
Oregano,,/Quality/Spacing,70
Orelega One,,/Quality/Spacing,80
Orienta,,/Quality/Spacing,70
Original Surfer,,/Quality/Spacing,80
Oswald,,/Quality/Spacing,80
Outfit,,/Quality/Spacing,70
Overlock SC,,/Quality/Spacing,70
Overlock,,/Quality/Spacing,80
Overpass,,/Quality/Spacing,70
Ovo,,/Quality/Spacing,70
Oxanium,,/Quality/Spacing,90
Oxygen,,/Quality/Spacing,70
PT Sans Caption,,/Quality/Spacing,60
PT Sans Narrow,,/Quality/Spacing,70
PT Sans,,/Quality/Spacing,70
PT Serif Caption,,/Quality/Spacing,70
PT Serif,,/Quality/Spacing,70
Paprika,,/Quality/Spacing,60
Parkinsans,,/Quality/Spacing,60
Passero One,,/Quality/Spacing,80
Passion One,,/Quality/Spacing,80
Pathway Extreme,,/Quality/Spacing,60
Pathway Gothic One,,/Quality/Spacing,90
Patua One,,/Quality/Spacing,90
Paytone One,,/Quality/Spacing,80
Peralta,,/Quality/Spacing,60
Petrona,,/Quality/Spacing,70
Philosopher,,/Quality/Spacing,80
Phudu,,/Quality/Spacing,80
Piazzolla,,/Quality/Spacing,70
Piedra,,/Quality/Spacing,90
Pirata One,,/Quality/Spacing,60
Pixelify Sans,,/Quality/Spacing,70
Plaster,,/Quality/Spacing,60
Platypi,,/Quality/Spacing,80
Play,,/Quality/Spacing,70
Playfair Display SC,,/Quality/Spacing,90
Playfair Display,,/Quality/Spacing,100
Playfair,,/Quality/Spacing,70
Pliant,,/Quality/Spacing,50
Plus Jakarta Sans,,/Quality/Spacing,70
Podkova,,/Quality/Spacing,70
Poetsen One,,/Quality/Spacing,80
Poiret One,,/Quality/Spacing,60
Poller One,,/Quality/Spacing,70
Poltawski Nowy,,/Quality/Spacing,90
Poly,,/Quality/Spacing,80
Pompiere,,/Quality/Spacing,70
Pontano Sans,,/Quality/Spacing,70
Port Lligat Sans,,/Quality/Spacing,70
Port Lligat Slab,,/Quality/Spacing,70
Prata,,/Quality/Spacing,70
Prociono,,/Quality/Spacing,70
Prosto One,,/Quality/Spacing,80
Protest Guerrilla,,/Quality/Spacing,90
Protest Revolution,,/Quality/Spacing,60
Protest Riot,,/Quality/Spacing,60
Protest Strike,,/Quality/Spacing,90
Proza Libre,,/Quality/Spacing,70
Public Sans,,/Quality/Spacing,70
Puritan,,/Quality/Spacing,60
Purple Purse,,/Quality/Spacing,70
Quando,,/Quality/Spacing,70
Quantico,,/Quality/Spacing,70
Quattrocento Sans,,/Quality/Spacing,90
Quattrocento,,/Quality/Spacing,80
Questrial,,/Quality/Spacing,90
Quicksand,,/Quality/Spacing,60
REM,,/Quality/Spacing,70
Racing Sans One,,/Quality/Spacing,70
Radio Canada Big,,/Quality/Spacing,90
Radio Canada,,/Quality/Spacing,70
Radley,,/Quality/Spacing,80
Raleway Dots,,/Quality/Spacing,60
Raleway,,/Quality/Spacing,80
Rambla,,/Quality/Spacing,90
Rammetto One,,/Quality/Spacing,70
Ranchers,,/Quality/Spacing,100
Rationale,,/Quality/Spacing,90
Recursive,,/Quality/Spacing,60
Red Hat Display,,/Quality/Spacing,70
Red Hat Text,,/Quality/Spacing,80
Red Rose,,/Quality/Spacing,70
Reddit Sans Condensed,,/Quality/Spacing,80
Reddit Sans,,/Quality/Spacing,70
Rethink Sans,,/Quality/Spacing,70
Revalia,,/Quality/Spacing,60
Rhodium Libre,,/Quality/Spacing,80
Ribeye Marrow,,/Quality/Spacing,70
Ribeye,,/Quality/Spacing,70
Righteous,,/Quality/Spacing,90
Risque,,/Quality/Spacing,70
Road Rage,,/Quality/Spacing,70
Roboto Condensed,,/Quality/Spacing,80
Roboto Flex,,/Quality/Spacing,80
Roboto Serif,,/Quality/Spacing,80
Roboto Slab,,/Quality/Spacing,70
Roboto,,/Quality/Spacing,80
Rokkitt,,/Quality/Spacing,80
Ropa Sans,,/Quality/Spacing,70
Rosario,,/Quality/Spacing,60
Rosarivo,,/Quality/Spacing,70
Rowdies,,/Quality/Spacing,70
Rubik 80s Fade,,/Quality/Spacing,70
Rubik Broken Fax,,/Quality/Spacing,60
Rubik Bubbles,,/Quality/Spacing,80
Rubik Burned,,/Quality/Spacing,70
Rubik Dirt,,/Quality/Spacing,70
Rubik Distressed,,/Quality/Spacing,70
Rubik Doodle Triangles,,/Quality/Spacing,80
Rubik Gemstones,,/Quality/Spacing,70
Rubik Glitch Pop,,/Quality/Spacing,80
Rubik Iso,,/Quality/Spacing,70
Rubik Lines,,/Quality/Spacing,80
Rubik Maps,,/Quality/Spacing,90
Rubik Marker Hatch,,/Quality/Spacing,80
Rubik Maze,,/Quality/Spacing,80
Rubik Microbe,,/Quality/Spacing,90
Rubik Moonrocks,,/Quality/Spacing,100
Rubik Pixels,,/Quality/Spacing,70
Rubik Scribble,,/Quality/Spacing,70
Rubik Spray Paint,,/Quality/Spacing,70
Rubik Storm,,/Quality/Spacing,80
Rubik Wet Paint,,/Quality/Spacing,90
Rubik,,/Quality/Spacing,100
Ruda,,/Quality/Spacing,70
Rufina,,/Quality/Spacing,80
Ruluko,,/Quality/Spacing,70
Rum Raisin,,/Quality/Spacing,90
Ruslan Display,,/Quality/Spacing,60
Russo One,,/Quality/Spacing,80
Rye,,/Quality/Spacing,60
SN Pro,,/Quality/Spacing,70
STIX Two Math,,/Quality/Spacing,70
STIX Two Text,,/Quality/Spacing,70
SUSE,,/Quality/Spacing,90
Sail,,/Quality/Spacing,60
Saira Condensed,,/Quality/Spacing,100
Saira Extra Condensed,,/Quality/Spacing,90
Saira Semi Condensed,,/Quality/Spacing,90
Saira Stencil,,/Quality/Spacing,80
Saira,,/Quality/Spacing,80
Salsa,,/Quality/Spacing,80
Sanchez,,/Quality/Spacing,60
Sancreek,,/Quality/Spacing,80
Sankofa Display,,/Quality/Spacing,60
Sansation,,/Quality/Spacing,70
Sansita Swashed,,/Quality/Spacing,60
Sansita,,/Quality/Spacing,70
Sarina,,/Quality/Spacing,20
Savate,,/Quality/Spacing,70
Scada,,/Quality/Spacing,70
Schibsted Grotesk,,/Quality/Spacing,80
Science Gothic,,/Quality/Spacing,70
Scope One,,/Quality/Spacing,80
Scoutie Sans,,/Quality/Spacing,70
Sedan SC,,/Quality/Spacing,50
Sedan,,/Quality/Spacing,60
Sekuya,,/Quality/Spacing,50
Sen,,/Quality/Spacing,70
Sevillana,,/Quality/Spacing,60
Seymour One,,/Quality/Spacing,60
Shantell Sans,,/Quality/Spacing,70
Shanti,,/Quality/Spacing,90
Share Tech,,/Quality/Spacing,80
Share,,/Quality/Spacing,80
Shojumaru,,/Quality/Spacing,70
Sigmar One,,/Quality/Spacing,70
Sigmar,,/Quality/Spacing,80
Signika Negative,,/Quality/Spacing,80
Signika,,/Quality/Spacing,80
Silkscreen,,/Quality/Spacing,60
Simonetta,,/Quality/Spacing,80
Single Day,,/Quality/Spacing,60
Sintony,,/Quality/Spacing,70
Sirin Stencil,,/Quality/Spacing,70
Six Caps,,/Quality/Spacing,80
Skranji,,/Quality/Spacing,80
Slabo 13px,,/Quality/Spacing,60
Slabo 27px,,/Quality/Spacing,80
Slackey,,/Quality/Spacing,70
Smokum,,/Quality/Spacing,70
Smooch Sans,,/Quality/Spacing,70
Smythe,,/Quality/Spacing,80
Sniglet,,/Quality/Spacing,80
Snippet,,/Quality/Spacing,60
Snowburst One,,/Quality/Spacing,60
Sofadi One,,/Quality/Spacing,70
Sofia Sans Condensed,,/Quality/Spacing,90
Sofia Sans Extra Condensed,,/Quality/Spacing,90
Sofia Sans Semi Condensed,,/Quality/Spacing,80
Sofia Sans,,/Quality/Spacing,80
Solway,,/Quality/Spacing,70
Sonsie One,,/Quality/Spacing,40
Sora,,/Quality/Spacing,80
Sorts Mill Goudy,,/Quality/Spacing,80
Sour Gummy,,/Quality/Spacing,60
Source Sans 3,,/Quality/Spacing,80
Source Serif 4,,/Quality/Spacing,80
Space Grotesk,,/Quality/Spacing,70
Special Elite,,/Quality/Spacing,80
Special Gothic Condensed One,,/Quality/Spacing,100
Special Gothic Expanded One,,/Quality/Spacing,80
Special Gothic,,/Quality/Spacing,90
Spectral SC,,/Quality/Spacing,70
Spectral,,/Quality/Spacing,70
Spicy Rice,,/Quality/Spacing,80
Spinnaker,,/Quality/Spacing,60
Spirax,,/Quality/Spacing,70
Spline Sans,,/Quality/Spacing,70
Squada One,,/Quality/Spacing,80
Staatliches,,/Quality/Spacing,90
Stack Sans Headline,,/Quality/Spacing,70
Stack Sans Notch,,/Quality/Spacing,70
Stack Sans Text,,/Quality/Spacing,60
Stalinist One,,/Quality/Spacing,60
Stardos Stencil,,/Quality/Spacing,70
Stick No Bills,,/Quality/Spacing,70
Stint Ultra Condensed,,/Quality/Spacing,90
Stint Ultra Expanded,,/Quality/Spacing,60
Stoke,,/Quality/Spacing,50
Strait,,/Quality/Spacing,70
Strichpunkt Sans,,/Quality/Spacing,90
Sulphur Point,,/Quality/Spacing,60
Supermercado One,,/Quality/Spacing,60
Syncopate,,/Quality/Spacing,40
Syne Tactile,,/Quality/Spacing,60
Syne,,/Quality/Spacing,70
TASA Explorer,,/Quality/Spacing,80
TASA Orbiter,,/Quality/Spacing,80
Tac One,,/Quality/Spacing,80
Tagesschrift,,/Quality/Spacing,70
Tauri,,/Quality/Spacing,60
Teachers,,/Quality/Spacing,60
Tektur,,/Quality/Spacing,70
Telex,,/Quality/Spacing,80
Tenor Sans,,/Quality/Spacing,60
Text Me One,,/Quality/Spacing,50
Texturina,,/Quality/Spacing,80
Tienne,,/Quality/Spacing,70
TikTok Sans,,/Quality/Spacing,70
Tilt Neon,,/Quality/Spacing,70
Tilt Prism,,/Quality/Spacing,70
Tilt Warp,,/Quality/Spacing,90
Tinos,,/Quality/Spacing,70
Tiny5,,/Quality/Spacing,60
Titan One,,/Quality/Spacing,90
Titillium Web,,/Quality/Spacing,90
Tomorrow,,/Quality/Spacing,70
Tourney,,/Quality/Spacing,70
Trispace,,/Quality/Spacing,20
Trocchi,,/Quality/Spacing,60
Trochut,,/Quality/Spacing,80
Truculenta,,/Quality/Spacing,60
Trykker,,/Quality/Spacing,60
Tuffy,,/Quality/Spacing,60
Tulpen One,,/Quality/Spacing,80
Turret Road,,/Quality/Spacing,60
Ubuntu Condensed,,/Quality/Spacing,70
Ubuntu Sans,,/Quality/Spacing,80
Ubuntu,,/Quality/Spacing,80
Ultra,,/Quality/Spacing,70
Unbounded,,/Quality/Spacing,80
Uncial Antiqua,,/Quality/Spacing,80
Underdog,,/Quality/Spacing,70
Unica One,,/Quality/Spacing,90
UnifrakturCook,,/Quality/Spacing,60
UnifrakturMaguntia,,/Quality/Spacing,70
Unkempt,,/Quality/Spacing,50
Unlock,,/Quality/Spacing,70
Unna,,/Quality/Spacing,70
Urbanist,,/Quality/Spacing,60
Valley Sans,,/Quality/Spacing,70
Varela Round,,/Quality/Spacing,80
Varela,,/Quality/Spacing,80
Varta,,/Quality/Spacing,80
Vast Shadow,,/Quality/Spacing,60
Vend Sans,,/Quality/Spacing,70
Viaoda Libre,,/Quality/Spacing,60
Vidaloka,,/Quality/Spacing,90
Viga,,/Quality/Spacing,70
Vina Sans,,/Quality/Spacing,70
Voces,,/Quality/Spacing,70
Volkhov,,/Quality/Spacing,90
Vollkorn SC,,/Quality/Spacing,60
Vollkorn,,/Quality/Spacing,70
Voltaire,,/Quality/Spacing,70
Wallpoet,,/Quality/Spacing,60
Wellfleet,,/Quality/Spacing,70
Wendy One,,/Quality/Spacing,80
Winky Rough,,/Quality/Spacing,70
Winky Sans,,/Quality/Spacing,60
Wire One,,/Quality/Spacing,90
Wittgenstein,,/Quality/Spacing,60
Wix Madefor Display,,/Quality/Spacing,70
Wix Madefor Text,,/Quality/Spacing,70
Work Sans,,/Quality/Spacing,80
Yanone Kaffeesatz,,/Quality/Spacing,80
Yarndings 12,,/Quality/Spacing,60
Yarndings 20,,/Quality/Spacing,70
Yeseva One,,/Quality/Spacing,80
Young Serif,,/Quality/Spacing,60
Yrsa,,/Quality/Spacing,100
Ysabeau Infant,,/Quality/Spacing,70
Ysabeau Office,,/Quality/Spacing,70
Ysabeau SC,,/Quality/Spacing,70
Ysabeau,,/Quality/Spacing,70
Zalando Sans Expanded,,/Quality/Spacing,60
Zalando Sans SemiExpanded,,/Quality/Spacing,70
Zalando Sans,,/Quality/Spacing,70
Zen Dots,,/Quality/Spacing,70
Zen Loop,,/Quality/Spacing,70
Zen Tokyo Zoo,,/Quality/Spacing,70
Zilla Slab,,/Quality/Spacing,100
